{
"lengthUnit": "mil",
"components": {
	"fields": ["COMPONENT_NO", "COMPONENT_NAME", "LAYER", "X_COORDINATE", "Y_COORDINATE", "ANGLE"],
	"rows": [
		[1, "-", "T", 330, -535, 0],
		[2, "+", "T", 60, -535, 0],
		[3, "C1", "T", 300, -450, 180],
		[4, "C2", "T", 340, -360, 90],
		[5, "LED1", "B", 196.85, -217.99, 180],
		[6, "LED2", "B", 196.85, -370, 0],
		[7, "LED3", "B", 196.85, -522.01, 180],
		[8, "Q1", "T", 170, -490, 0],
		[9, "R1", "T", 51.78, -359.28, 270],
		[10, "R2", "T", 125, -185, 0],
		[11, "R3", "T", 200, -45, 0],
		[12, "SW1", "T", 195, -640, 0],
		[13, "U1", "T", 292.3, -197.7, 270],
		[14, "U4", "T", 195, -360, 180]
	]
},
"pins": {
	"fields": ["PIN_NO", "PIN_NAME", "PIN_X", "PIN_Y", "LAYER", "PIN_TYPE", "NET_NAME", "NET_TYPE", "PAD_SHAPE", "PAD_SIZEX", "PAD_SIZEY", "HOLE_SIZE", "PAD_ANGLE"],
	"rows": [
		[1, "-_1", 330, -535, "T", "SMD", "BAT_N", "", "C", 70.87, 70.87, 0, 0],
		[2, "+_1", 60, -535, "T", "SMD", "VCC", "", "C", 70.87, 70.87, 0, 0],
		[3, "C1_1", 327.56, -450, "T", "SMD", "GND", "GND", "R", 31.5, 35.43, 0, 180],
		[4, "C1_2", 272.44, -450, "T", "SMD", "VIN", "", "R", 31.5, 35.43, 0, 180],
		[5, "C2_1", 340, -387.56, "T", "SMD", "GND", "GND", "R", 31.5, 35.43, 0, 90],
		[6, "C2_2", 340, -332.44, "T", "SMD", "EXP_A", "", "R", 31.5, 35.43, 0, 90],
		[7, "LED1_1", 259.84, -217.99, "B", "SMD", "LED_A", "", "R", 55.12, 90.55, 0, 180],
		[8, "LED1_2", 133.86, -217.99, "B", "SMD", "$1N1750", "", "R", 55.12, 90.55, 0, 180],
		[9, "LED2_1", 133.86, -370, "B", "SMD", "$1N1750", "", "R", 55.12, 90.55, 0, 0],
		[10, "LED2_2", 259.84, -370, "B", "SMD", "$1N1747", "", "R", 55.12, 90.55, 0, 0],
		[11, "LED3_1", 259.84, -522.01, "B", "SMD", "$1N1747", "", "R", 55.12, 90.55, 0, 180],
		[12, "LED3_2", 133.86, -522.01, "B", "SMD", "LED_K", "", "R", 55.12, 90.55, 0, 180],
		[13, "Q1_1", 215.28, -527.4, "T", "SMD", "VCC", "", "R", 39.37, 31.5, 0, 180],
		[14, "Q1_2", 215.28, -452.6, "T", "SMD", "GND", "GND", "R", 39.37, 31.5, 0, 180],
		[15, "Q1_3", 124.72, -490, "T", "SMD", "BAT_N", "", "R", 39.37, 31.5, 0, 180],
		[16, "R1_1", 51.78, -329.62, "T", "SMD", "TRIM_D", "", "R", 31.75, 34.02, 0, 270],
		[17, "R1_2", 51.77, -388.94, "T", "SMD", "GND", "GND", "R", 31.75, 34.02, 0, 270],
		[18, "R2_1", 189.96, -224.37, "T", "SMD", "LED_K", "", "R", 47.24, 59.05, 0, 90],
		[19, "R2_2", 60.04, -185, "T", "SMD", "TRIM_D", "", "R", 62.99, 62.99, 0, 90],
		[20, "R2_3", 189.96, -145.63, "T", "SMD", "TRIM_D", "", "R", 47.24, 59.05, 0, 90],
		[21, "R3_1", 170.34, -45, "T", "SMD", "EXP_A", "", "R", 31.75, 34.02, 0, 0],
		[22, "R3_2", 229.66, -45, "T", "SMD", "LED_A", "", "R", 31.75, 34.02, 0, 0],
		[23, "SW1_1", 155.63, -582.91, "T", "SMD", "VCC", "", "R", 27.56, 59.05, 0, 0],
		[24, "SW1_2", 195, -582.91, "T", "SMD", "VIN", "", "R", 27.56, 59.05, 0, 0],
		[25, "SW1_3", 234.37, -582.91, "T", "SMD", "SW1_3", "", "R", 27.56, 59.05, 0, 0],
		[26, "SW1_4", 86.73, -610.47, "T", "SMD", "SW1_4", "", "R", 39.37, 31.5, 0, 0],
		[27, "SW1_4", 86.73, -697.09, "T", "SMD", "SW1_A_4", "", "R", 39.37, 31.5, 0, 0],
		[28, "SW1_5", 303.27, -610.47, "T", "SMD", "SW1_5", "", "R", 39.37, 31.5, 0, 0],
		[29, "SW1_5", 303.27, -697.09, "T", "SMD", "SW1_A_5", "", "R", 39.37, 31.5, 0, 0],
		[30, "U1_1", 292.3, -135, "T", "SMD", "SW", "", "R", 58.47, 68.03, 0, 270],
		[31, "U1_2", 292.3, -260.4, "T", "SMD", "VIN", "", "R", 58.47, 68.03, 0, 270],
		[32, "U4_1", 141.85, -322.6, "T", "SMD", "SW", "", "R", 43.31, 23.62, 0, 180],
		[33, "U4_2", 141.85, -360, "T", "SMD", "GND", "GND", "R", 43.31, 23.62, 0, 180],
		[34, "U4_3", 141.85, -397.4, "T", "SMD", "LED_K", "", "R", 43.31, 23.62, 0, 180],
		[35, "U4_4", 248.15, -397.4, "T", "SMD", "VIN", "", "R", 43.31, 23.62, 0, 180],
		[36, "U4_5", 248.15, -360, "T", "SMD", "EXP_A", "", "R", 43.31, 23.62, 0, 180],
		[37, "U4_6", 248.15, -322.6, "T", "SMD", "VIN", "", "R", 43.31, 23.62, 0, 180]
	]
}
}