{
"lengthUnit": "mil",
"components": {
	"fields": ["COMPONENT_NO", "COMPONENT_NAME", "LAYER", "X_COORDINATE", "Y_COORDINATE", "ANGLE"],
	"rows": [
		[1, "LED1", "B", 195, -520, 0],
		[2, "LED2", "B", 199.31, -369.71, 180],
		[3, "LED3", "B", 198.78, -217.27, 0],
		[4, "LED_A", "T", 130, -660, 0],
		[5, "LED_K", "T", 250, -660, 0]
	]
},
"pins": {
	"fields": ["PIN_NO", "PIN_NAME", "PIN_X", "PIN_Y", "LAYER", "PIN_TYPE", "NET_NAME", "NET_TYPE", "PAD_SHAPE", "PAD_SIZEX", "PAD_SIZEY", "HOLE_SIZE", "PAD_ANGLE"],
	"rows": [
		[1, "LED1_1", 132.01, -520, "B", "SMD", "$1N227", "", "R", 55.12, 90.55, 0, 0],
		[2, "LED1_2", 257.99, -520, "B", "SMD", "$1N180", "", "R", 55.12, 90.55, 0, 0],
		[3, "LED2_1", 262.3, -369.71, "B", "SMD", "$1N180", "", "R", 55.12, 90.55, 0, 180],
		[4, "LED2_2", 136.32, -369.71, "B", "SMD", "$1N179", "", "R", 55.12, 90.55, 0, 180],
		[5, "LED3_1", 135.79, -217.27, "B", "SMD", "$1N179", "", "R", 55.12, 90.55, 0, 0],
		[6, "LED3_2", 261.77, -217.27, "B", "SMD", "$1N235", "", "R", 55.12, 90.55, 0, 0],
		[7, "LED_A_1", 130, -660, "T", "SMD", "$1N227", "", "C", 70.87, 70.87, 0, 0],
		[8, "LED_K_1", 250, -660, "T", "SMD", "$1N235", "", "C", 70.87, 70.87, 0, 0]
	]
}
}